{"cameraMode":{"drawMode":0,"name":"Shaded","section":"Shading Mode"},"sceneLighting":false,"audioPlay":false,"sceneViewState":{"showFog":true,"showMaterialUpdate":false,"showSkybox":false,"showFlares":true,"showImageEffects":true,"showParticleSystems":true},"in2DMode":false,"pivot":{"x":8.042479515075684,"y":3.362872362136841,"z":-6.438833713531494},"rotation":{"x":0.0004858552129007876,"y":0.9991082549095154,"z":0.04048601910471916,"w":-0.011989873833954335},"size":4.7014923095703129,"orthographic":false}