{"cameraMode":{"drawMode":0,"name":"Shaded","section":"Shading Mode"},"sceneLighting":false,"audioPlay":false,"sceneViewState":{"showFog":true,"showMaterialUpdate":false,"showSkybox":false,"showFlares":true,"showImageEffects":true,"showParticleSystems":true},"in2DMode":false,"pivot":{"x":4.188207626342773,"y":2.0999584197998049,"z":-3.0186781883239748},"rotation":{"x":0.5162523984909058,"y":-0.2486555129289627,"z":0.1596955806016922,"w":0.8038361668586731},"size":3.5144622325897219,"orthographic":false}