{"cameraMode":{"drawMode":0,"name":"Shaded","section":"Shading Mode"},"sceneLighting":false,"audioPlay":false,"sceneViewState":{"showFog":true,"showMaterialUpdate":false,"showSkybox":false,"showFlares":true,"showImageEffects":true,"showParticleSystems":true},"in2DMode":false,"pivot":{"x":-0.00006812810897827148,"y":0.050845906138420108,"z":0.0},"rotation":{"x":0.5647567510604858,"y":-0.21726199984550477,"z":0.15721338987350465,"w":0.780468761920929},"size":2.0513980388641359,"orthographic":false}